"studentId","name","email"
="1","颜1","yzx9610@outlook.com"
="2","颜2","yzx9610@outlook.com"
="3","颜3","yzx9610@outlook.com"
="4","颜4","yzx9610@outlook.com"
="5","颜5","yzx9610@outlook.com"
="6","颜6","yzx9610@outlook.com"
="7","颜7","yzx9610@outlook.com"
="8","颜8","yzx9610@outlook.com"
="9","颜9","yzx9610@outlook.com"
="10","颜10","yzx9610@outlook.com"
="11","颜11","yzx9610@outlook.com"
="12","颜12","yzx9610@outlook.com"
="13","颜13","yzx9610@outlook.com"
="14","颜14","yzx9610@outlook.com"
="15","颜15","yzx9610@outlook.com"
="16","颜16","yzx9610@outlook.com"
="17","颜17","yzx9610@outlook.com"
="18","颜18","yzx9610@outlook.com"
="19","颜19","yzx9610@outlook.com"
="20","颜20","yzx9610@outlook.com"
